row_id,1161364,116570,1176823,1491113,1595929,209233,22930,22956,22961,22967,22973,22983,22985,23150,23154,23158,23176,23724,24279,24285,24287,24321,244024,25073,25092,25214,326272,41970,43435,47144,47158son01,47158son02,47158son03,47158son04,47158son05,47158son06,47158son07,47158son08,47158son09,47158son10,47158son11,47158son12,47158son13,47158son14,47158son15,47158son16,47158son17,47158son18,47158son19,47158son20,47158son21,47158son22,47158son23,47158son24,47158son25,476521,516975,517063,555123,555145,555146,64898,65377,65380,66971,67107,67252,70711,738183,74113,74580,760266,ashgre1,astcra1,bafcur1,baffal1,banana,barant1,batbel1,baymac,bbwduc,bcwfin2,bkcdon,bkhpar,blchaw1,blheag1,blttit1,bncfly,bobfly1,brcmar1,brnowl,bucmot4,bucpar,bufpar,bunibi1,burowl,camfli1,chacha1,chbmoc1,chobla1,chvcon1,cibspi1,coffal1,compau,compot1,crbthr1,crebec1,dwatin1,epaori4,eulfly1,fabwre1,fepowl,ficman1,flawar1,fotfly,fusfly1,gilhum1,giwrai1,glteme1,grasal3,greani1,greant1,greela,grekis,grepot1,gretho2,greyel,grfdov1,grhtan1,gycwor1,horscr1,houspa,hyamac1,larela1,lesela1,lesgrf1,limpki,linwoo1,litcuc2,litnig1,mabpar,magant1,magtan2,masgna1,nacnig1,ocecra1,oliwoo1,orbtro3,orwpar,osprey,pabspi1,palhor3,paltan1,phecuc1,picpig2,pirfly1,plasla1,platyr1,plcjay1,pluibi1,purjay1,pvttyr1,ragmac1,rebscy1,recfin1,redjun,relser1,rinkin1,rivwar1,roahaw,rubthr1,rufcac2,rufcas2,rufgna3,rufhor2,rufnig1,ruftho1,ruftof1,rumfly1,ruther1,rutjac1,sabspa1,saffin,saytan1,scadov1,schpar1,scther1,shcfly1,shshaw,shtnig1,sibtan2,smbani,smbtin1,sobcac1,sobtyr1,socfly1,sofspi1,souant1,soulap1,souscr1,spbant3,spispi1,sptnig1,squcuc1,stbwoo2,strcuc1,strher2,strowl1,swthum1,swtman1,tattin1,thlwre1,toctou1,trokin,trsowl,undtin1,varant1,watjac1,wesfie1,wfwduc1,whbant2,whbwar2,whiwoo1,whlspi1,whnjay1,whtdov,whwpic1,y00678,yebcar,yebela1,yecmac,yecpar,yehcar1,yeofly1
BC2026_Train_0001_S08_20250606_030007_5,0.041625977,0.022506714,0.074645996,0.05834961,0.02722168,0.06323242,0.07159424,0.072265625,0.049865723,0.04977417,0.04321289,0.05633545,0.022415161,0.052612305,0.08850098,0.03253174,0.022109985,0.04611206,0.032592773,0.046295166,0.044189453,0.060424805,0.08166504,0.032104492,0.10449219,0.050048828,0.03137207,0.03753662,0.033721924,0.022460938,0.027435303,0.057373047,0.08630371,0.022583008,0.044006348,0.05529785,0.06573486,0.04699707,0.037902832,0.040008545,0.03010559,0.03475952,0.02645874,0.0236969,0.03933716,0.24475098,0.03137207,0.061309814,0.040100098,0.12286377,0.047790527,0.038238525,0.0647583,0.029541016,0.099121094,0.034240723,0.0413208,0.052246094,0.034606934,0.12231445,0.037750244,0.04107666,0.05441284,0.061431885,0.031982422,0.10876465,0.043121338,0.05203247,0.032287598,0.038238525,0.055603027,0.06707764,0.040008545,0.057281494,0.11694336,0.19677734,0.066833496,0.07720947,0.025222778,0.13623047,0.06951904,0.06097412,0.04434204,0.09857178,0.028762817,0.055603027,0.093322754,0.047424316,0.0418396,0.06304932,0.047332764,0.10192871,0.043029785,0.14990234,0.053588867,0.057373047,0.095336914,0.042816162,0.066345215,0.057922363,0.027328491,0.051086426,0.057281494,0.05050659,0.043762207,0.076660156,0.06781006,0.03845215,0.1184082,0.07092285,0.08062744,0.072753906,0.019058228,0.035827637,0.03970337,0.051849365,0.074523926,0.061523438,0.08312988,0.05126953,0.099121094,0.09667969,0.05041504,0.053710938,0.027526855,0.03970337,0.07183838,0.057495117,0.066711426,0.058013916,0.06210327,0.03338623,0.042816162,0.048217773,0.032104492,0.047943115,0.040100098,0.042877197,0.0440979,0.08831787,0.066101074,0.07598877,0.066833496,0.022460938,0.049224854,0.054107666,0.065979004,0.08911133,0.041381836,0.042022705,0.060302734,0.11199951,0.08282471,0.026916504,0.045959473,0.04525757,0.0385437,0.03161621,0.029647827,0.06903076,0.031677246,0.09136963,0.047607422,0.08709717,0.07531738,0.08679199,0.07684326,0.04257202,0.095336914,0.05090332,0.08166504,0.062927246,0.047698975,0.10430908,0.029541016,0.1159668,0.058654785,0.20007324,0.06536865,0.06842041,0.023330688,0.07598877,0.06878662,0.06903076,0.03277588,0.095703125,0.13598633,0.089904785,0.12731934,0.06915283,0.092041016,0.050811768,0.03970337,0.07318115,0.05697632,0.027267456,0.051452637,0.09185791,0.03970337,0.08831787,0.02571106,0.07006836,0.049224854,0.04663086,0.06097412,0.049224854,0.0,0.0,0.0,0.0,0.0,0.0,0.0,0.0,0.0,0.0,0.0,0.0,0.0,0.0,0.0,0.0,0.0,0.0,0.0,0.0,0.0,0.0,0.0,0.0,0.0,0.0,0.0,0.0
BC2026_Train_0001_S08_20250606_030007_10,0.04510498,0.022979736,0.07159424,0.066101074,0.027694702,0.06549072,0.074645996,0.07354736,0.05166626,0.051361084,0.041137695,0.057281494,0.02293396,0.052520752,0.088012695,0.0345459,0.022583008,0.043762207,0.033966064,0.05014038,0.046539307,0.05996704,0.08538818,0.03326416,0.1003418,0.0552063,0.03125,0.03515625,0.032470703,0.023025513,0.028381348,0.057373047,0.084472656,0.023147583,0.04949951,0.0619812,0.06756592,0.04559326,0.03677368,0.041778564,0.029144287,0.0345459,0.027694702,0.025665283,0.03845215,0.2232666,0.029647827,0.05480957,0.0385437,0.12390137,0.050598145,0.03942871,0.07006836,0.03062439,0.10247803,0.036712646,0.03781128,0.054504395,0.03338623,0.12927246,0.038970947,0.04168701,0.05633545,0.05911255,0.030380249,0.107788086,0.04257202,0.05645752,0.033325195,0.037902832,0.05419922,0.062683105,0.037200928,0.055603027,0.11029053,0.21435547,0.07354736,0.07574463,0.02532959,0.13049316,0.06817627,0.06427002,0.04248047,0.0960083,0.029586792,0.05758667,0.101745605,0.04977417,0.043518066,0.066833496,0.046813965,0.0993042,0.039794922,0.14770508,0.05319214,0.057800293,0.10015869,0.048217773,0.06951904,0.057281494,0.02722168,0.051757812,0.051940918,0.056762695,0.045532227,0.07611084,0.06793213,0.040527344,0.11755371,0.066467285,0.080200195,0.07836914,0.021118164,0.034698486,0.04083252,0.05050659,0.07092285,0.06756592,0.09124756,0.049957275,0.10321045,0.0927124,0.05090332,0.059753418,0.027175903,0.040252686,0.072509766,0.05581665,0.06866455,0.06109619,0.058563232,0.036224365,0.03970337,0.052246094,0.03314209,0.049316406,0.04248047,0.047088623,0.043518066,0.08868408,0.06744385,0.06842041,0.07043457,0.025756836,0.050811768,0.06085205,0.0692749,0.1015625,0.04525757,0.042877197,0.0619812,0.11102295,0.083862305,0.025421143,0.045776367,0.043273926,0.03616333,0.034362793,0.028808594,0.07354736,0.033203125,0.09234619,0.04977417,0.08477783,0.07598877,0.08166504,0.0793457,0.04345703,0.10467529,0.051849365,0.08465576,0.06793213,0.05166626,0.110839844,0.028549194,0.12573242,0.064086914,0.17895508,0.06500244,0.07171631,0.02456665,0.07977295,0.07183838,0.07122803,0.033843994,0.1048584,0.14611816,0.08465576,0.12420654,0.06994629,0.10229492,0.053710938,0.04208374,0.07122803,0.058654785,0.025421143,0.05154419,0.09173584,0.0413208,0.08880615,0.02532959,0.072509766,0.047943115,0.05166626,0.06524658,0.050598145,0.0,0.0,0.0,0.0,0.0,0.0,0.0,0.0,0.0,0.0,0.0,0.0,0.0,0.0,0.0,0.0,0.0,0.0,0.0,0.0,0.0,0.0,0.0,0.0,0.0,0.0,0.0,0.0
BC2026_Train_0001_S08_20250606_030007_15,0.047424316,0.022979736,0.06793213,0.07904053,0.028549194,0.07104492,0.088012695,0.07476807,0.057495117,0.059326172,0.042388916,0.058654785,0.023101807,0.050323486,0.08331299,0.037261963,0.022766113,0.037902832,0.03781128,0.04940796,0.047332764,0.057922363,0.093322754,0.03378296,0.0925293,0.0637207,0.03173828,0.03475952,0.032104492,0.023071289,0.029144287,0.057373047,0.08691406,0.023284912,0.06097412,0.072753906,0.06829834,0.04296875,0.032287598,0.04434204,0.027008057,0.034362793,0.028442383,0.028869629,0.03540039,0.19824219,0.02848816,0.053985596,0.034423828,0.10559082,0.0552063,0.03753662,0.07904053,0.030563354,0.093688965,0.037200928,0.032409668,0.059753418,0.029144287,0.13195801,0.039794922,0.03753662,0.062805176,0.05911255,0.026611328,0.10321045,0.044189453,0.06359863,0.038238525,0.035491943,0.055603027,0.059539795,0.03010559,0.048309326,0.10211182,0.22741699,0.081970215,0.072265625,0.024383545,0.13574219,0.06573486,0.05899048,0.0362854,0.09979248,0.028762817,0.05899048,0.11065674,0.052337646,0.04849243,0.06585693,0.048034668,0.089782715,0.03378296,0.12585449,0.04714966,0.061431885,0.10107422,0.05697632,0.07080078,0.05706787,0.027069092,0.054901123,0.046539307,0.060516357,0.046203613,0.07171631,0.062927246,0.040618896,0.105041504,0.06097412,0.076416016,0.08312988,0.026000977,0.029083252,0.04147339,0.04647827,0.07434082,0.072509766,0.10876465,0.049957275,0.10821533,0.0881958,0.04699707,0.06951904,0.025466919,0.044677734,0.06768799,0.050994873,0.062805176,0.062438965,0.055114746,0.042633057,0.035614014,0.059753418,0.028656006,0.048309326,0.047088623,0.05126953,0.04345703,0.08557129,0.06781006,0.06347656,0.076416016,0.029754639,0.047607422,0.07397461,0.08178711,0.10394287,0.04812622,0.04385376,0.060760498,0.1015625,0.08538818,0.023910522,0.05014038,0.042388916,0.032287598,0.035339355,0.029754639,0.072387695,0.04107666,0.093688965,0.05041504,0.074523926,0.09283447,0.07196045,0.07171631,0.045776367,0.101745605,0.050048828,0.09979248,0.07006836,0.053009033,0.0960083,0.02758789,0.1517334,0.07366943,0.14355469,0.07006836,0.07287598,0.027114868,0.07824707,0.074523926,0.07397461,0.034088135,0.119018555,0.16455078,0.07159424,0.11553955,0.07183838,0.10858154,0.060424805,0.044433594,0.06085205,0.06210327,0.02470398,0.056243896,0.08880615,0.04147339,0.08679199,0.025665283,0.06335449,0.038757324,0.055603027,0.06359863,0.055603027,0.0,0.0,0.0,0.0,0.0,0.0,0.0,0.0,0.0,0.0,0.0,0.0,0.0,0.0,0.0,0.0,0.0,0.0,0.0,0.0,0.0,0.0,0.0,0.0,0.0,0.0,0.0,0.0
BC2026_Train_0001_S08_20250606_030007_20,0.046813965,0.022766113,0.07354736,0.066833496,0.027908325,0.062927246,0.082092285,0.07171631,0.051452637,0.051086426,0.038391113,0.053588867,0.02293396,0.05529785,0.087890625,0.03555298,0.022583008,0.04385376,0.03314209,0.048675537,0.04586792,0.061523438,0.08758545,0.03488159,0.10632324,0.06021118,0.03161621,0.035949707,0.03253174,0.02293396,0.029144287,0.060302734,0.08081055,0.023101807,0.04714966,0.062683105,0.07092285,0.047790527,0.0390625,0.043518066,0.02848816,0.035888672,0.027633667,0.025619507,0.037475586,0.234375,0.029144287,0.0524292,0.03881836,0.12963867,0.049316406,0.040771484,0.06744385,0.028869629,0.10357666,0.035736084,0.036346436,0.05480957,0.03540039,0.1282959,0.037384033,0.043701172,0.055511475,0.05911255,0.030151367,0.10949707,0.04208374,0.055114746,0.033325195,0.038604736,0.05291748,0.061431885,0.035736084,0.05697632,0.11553955,0.20336914,0.07611084,0.0713501,0.024276733,0.13195801,0.07196045,0.066467285,0.0418396,0.10430908,0.02998352,0.060302734,0.0970459,0.050811768,0.047088623,0.0647583,0.048034668,0.09844971,0.03869629,0.15454102,0.053588867,0.056549072,0.10412598,0.04534912,0.07080078,0.059753418,0.027740479,0.047698975,0.05340576,0.057800293,0.050048828,0.076416016,0.066711426,0.037902832,0.11437988,0.06866455,0.082092285,0.07904053,0.019561768,0.036499023,0.037475586,0.050811768,0.07183838,0.06549072,0.093688965,0.051940918,0.10107422,0.09283447,0.048583984,0.062438965,0.025466919,0.039276123,0.076293945,0.055114746,0.072265625,0.06573486,0.059417725,0.036895752,0.040771484,0.049591064,0.03390503,0.053985596,0.039123535,0.042388916,0.044921875,0.08959961,0.065979004,0.06817627,0.07019043,0.025375366,0.056030273,0.05996704,0.06707764,0.093322754,0.044189453,0.042816162,0.061187744,0.12585449,0.084350586,0.025421143,0.044677734,0.04083252,0.03338623,0.03289795,0.028015137,0.06982422,0.03314209,0.099121094,0.049316406,0.089904785,0.07421875,0.08312988,0.08312988,0.044769287,0.09857178,0.055419922,0.07989502,0.0647583,0.04611206,0.10321045,0.028274536,0.11798096,0.06982422,0.16259766,0.061767578,0.07836914,0.023727417,0.08135986,0.06756592,0.0680542,0.033203125,0.10913086,0.15026855,0.08630371,0.13500977,0.06573486,0.11437988,0.05166626,0.04434204,0.06866455,0.056243896,0.024993896,0.048583984,0.09088135,0.03955078,0.09234619,0.023727417,0.06768799,0.05050659,0.048217773,0.06109619,0.049316406,0.0,0.0,0.0,0.0,0.0,0.0,0.0,0.0,0.0,0.0,0.0,0.0,0.0,0.0,0.0,0.0,0.0,0.0,0.0,0.0,0.0,0.0,0.0,0.0,0.0,0.0,0.0,0.0
BC2026_Train_0001_S08_20250606_030007_25,0.047607422,0.023422241,0.07922363,0.07080078,0.02810669,0.07104492,0.08557129,0.07891846,0.056030273,0.056762695,0.04510498,0.058441162,0.023468018,0.058776855,0.0927124,0.036834717,0.023147583,0.047607422,0.038238525,0.052124023,0.050231934,0.062561035,0.09753418,0.035888672,0.109680176,0.05996704,0.03353882,0.03845215,0.035003662,0.023513794,0.029251099,0.061645508,0.090270996,0.023651123,0.050811768,0.06854248,0.074645996,0.04840088,0.04046631,0.045532227,0.030044556,0.03677368,0.028167725,0.026306152,0.03616333,0.25097656,0.03125,0.056121826,0.037475586,0.120666504,0.052337646,0.03970337,0.06878662,0.029876709,0.105407715,0.035614014,0.039123535,0.05633545,0.034088135,0.12670898,0.037963867,0.04248047,0.05633545,0.062316895,0.02998352,0.10595703,0.043701172,0.055511475,0.034240723,0.040252686,0.05331421,0.062683105,0.037597656,0.05706787,0.11395264,0.21228027,0.07397461,0.07476807,0.024429321,0.14221191,0.06903076,0.06439209,0.040161133,0.10284424,0.028762817,0.059326172,0.10321045,0.04940796,0.044281006,0.06829834,0.046813965,0.10107422,0.03955078,0.14318848,0.051940918,0.056854248,0.105041504,0.04840088,0.0703125,0.059539795,0.027374268,0.052337646,0.056854248,0.05633545,0.04840088,0.07739258,0.0692749,0.04067993,0.119384766,0.06756592,0.07501221,0.0793457,0.019989014,0.036987305,0.040924072,0.048950195,0.07763672,0.06903076,0.090270996,0.054107666,0.09967041,0.09515381,0.051086426,0.06384277,0.026412964,0.03970337,0.07763672,0.056549072,0.06854248,0.066101074,0.05758667,0.036621094,0.04107666,0.05291748,0.03289795,0.04940796,0.04232788,0.044433594,0.046295166,0.08660889,0.066833496,0.07092285,0.06915283,0.025421143,0.052246094,0.05429077,0.066833496,0.10107422,0.04434204,0.043121338,0.06188965,0.119506836,0.085998535,0.025863647,0.046203613,0.042633057,0.03567505,0.032226562,0.029647827,0.06878662,0.034698486,0.09741211,0.05203247,0.08868408,0.08251953,0.08093262,0.07861328,0.043273926,0.1015625,0.05126953,0.08166504,0.06756592,0.04849243,0.109680176,0.029586792,0.123046875,0.066833496,0.1661377,0.062927246,0.07763672,0.024139404,0.07879639,0.0703125,0.06842041,0.03540039,0.10107422,0.14611816,0.083862305,0.13354492,0.06915283,0.1003418,0.05633545,0.04208374,0.07055664,0.05899048,0.026855469,0.050323486,0.092041016,0.04031372,0.09039307,0.025558472,0.07067871,0.049041748,0.048309326,0.062683105,0.050231934,0.0,0.0,0.0,0.0,0.0,0.0,0.0,0.0,0.0,0.0,0.0,0.0,0.0,0.0,0.0,0.0,0.0,0.0,0.0,0.0,0.0,0.0,0.0,0.0,0.0,0.0,0.0,0.0
BC2026_Train_0001_S08_20250606_030007_30,0.050720215,0.023605347,0.0647583,0.07861328,0.028808594,0.07208252,0.09484863,0.07366943,0.056121826,0.057922363,0.04067993,0.056549072,0.023773193,0.049957275,0.078063965,0.036895752,0.023422241,0.038909912,0.038391113,0.04611206,0.04699707,0.059417725,0.097229004,0.035217285,0.08929443,0.06488037,0.031143188,0.033599854,0.032043457,0.023773193,0.030273438,0.058654785,0.083740234,0.023956299,0.059753418,0.07055664,0.06781006,0.043945312,0.03125,0.046020508,0.026657104,0.0340271,0.029754639,0.030563354,0.036010742,0.19128418,0.029144287,0.056549072,0.034942627,0.107788086,0.059753418,0.038024902,0.076660156,0.031082153,0.09484863,0.03845215,0.031921387,0.06109619,0.030960083,0.14099121,0.04147339,0.040771484,0.062683105,0.058776855,0.026306152,0.1005249,0.043762207,0.060760498,0.039123535,0.038604736,0.05529785,0.059326172,0.030563354,0.049591064,0.10144043,0.22814941,0.08770752,0.07434082,0.025619507,0.1274414,0.06719971,0.06549072,0.040527344,0.105407715,0.03010559,0.06451416,0.10412598,0.054595947,0.044433594,0.06585693,0.04638672,0.09136963,0.035736084,0.13024902,0.053009033,0.06311035,0.10089111,0.056640625,0.07318115,0.055725098,0.029144287,0.059753418,0.04611206,0.066467285,0.047943115,0.07531738,0.06585693,0.041229248,0.10321045,0.06323242,0.07489014,0.08880615,0.02810669,0.030792236,0.04360962,0.046905518,0.072265625,0.07159424,0.10992432,0.048950195,0.10357666,0.0925293,0.046813965,0.07836914,0.02619934,0.04272461,0.0692749,0.05480957,0.06781006,0.06549072,0.054901123,0.04083252,0.036346436,0.06097412,0.030151367,0.052520752,0.047332764,0.052703857,0.044006348,0.08898926,0.07354736,0.061187744,0.07305908,0.029312134,0.05090332,0.078063965,0.07836914,0.11694336,0.04840088,0.04534912,0.062561035,0.10266113,0.087402344,0.025039673,0.046020508,0.043701172,0.03289795,0.036895752,0.03050232,0.07421875,0.041381836,0.1048584,0.055725098,0.07397461,0.093688965,0.07043457,0.07751465,0.048858643,0.109313965,0.05154419,0.087890625,0.06512451,0.055114746,0.10821533,0.028167725,0.14782715,0.080200195,0.13256836,0.06817627,0.07501221,0.027069092,0.0881958,0.07489014,0.07397461,0.035003662,0.11199951,0.17175293,0.077819824,0.11657715,0.06878662,0.1340332,0.060638428,0.04724121,0.06463623,0.06439209,0.025268555,0.05340576,0.088012695,0.039794922,0.08630371,0.025802612,0.062561035,0.038116455,0.057800293,0.064208984,0.054992676,0.0,0.0,0.0,0.0,0.0,0.0,0.0,0.0,0.0,0.0,0.0,0.0,0.0,0.0,0.0,0.0,0.0,0.0,0.0,0.0,0.0,0.0,0.0,0.0,0.0,0.0,0.0,0.0
BC2026_Train_0001_S08_20250606_030007_35,0.04840088,0.023651123,0.0692749,0.07751465,0.029205322,0.07019043,0.09057617,0.07183838,0.056243896,0.05645752,0.041381836,0.05645752,0.023864746,0.05331421,0.08282471,0.03768921,0.023468018,0.039276123,0.038909912,0.04812622,0.048675537,0.05697632,0.09552002,0.03567505,0.09667969,0.06347656,0.032165527,0.035003662,0.03366089,0.023773193,0.03050232,0.060424805,0.08331299,0.024002075,0.05996704,0.07501221,0.07067871,0.04458618,0.0340271,0.045776367,0.028656006,0.036010742,0.028930664,0.029205322,0.034423828,0.20983887,0.028549194,0.05581665,0.033843994,0.10858154,0.05911255,0.038330078,0.074645996,0.030792236,0.09552002,0.038238525,0.031921387,0.058563232,0.031433105,0.13208008,0.040374756,0.041625977,0.05987549,0.059326172,0.026260376,0.103393555,0.047424316,0.061187744,0.03845215,0.036712646,0.0552063,0.058776855,0.03161621,0.04876709,0.10467529,0.21813965,0.08178711,0.07354736,0.02508545,0.14221191,0.06744385,0.06304932,0.03933716,0.1015625,0.029144287,0.0647583,0.10797119,0.05593872,0.046813965,0.06890869,0.047698975,0.09436035,0.035949707,0.13879395,0.050994873,0.060638428,0.10089111,0.057495117,0.07067871,0.056854248,0.029251099,0.05899048,0.047943115,0.06451416,0.04840088,0.07354736,0.062316895,0.04107666,0.103027344,0.063964844,0.078063965,0.08660889,0.025863647,0.03265381,0.045440674,0.047943115,0.07434082,0.06939697,0.10211182,0.050720215,0.10668945,0.09008789,0.047943115,0.07543945,0.026550293,0.044769287,0.06719971,0.05291748,0.06903076,0.062927246,0.05822754,0.04486084,0.038116455,0.05822754,0.030380249,0.049865723,0.047943115,0.053710938,0.047943115,0.08508301,0.07092285,0.062561035,0.074645996,0.03062439,0.0524292,0.07824707,0.080200195,0.10723877,0.050231934,0.046295166,0.061523438,0.11047363,0.08050537,0.024429321,0.046813965,0.043029785,0.032104492,0.035217285,0.030380249,0.06732178,0.04147339,0.093688965,0.052520752,0.07519531,0.1005249,0.07720947,0.07556152,0.04812622,0.10839844,0.050231934,0.093322754,0.06878662,0.05340576,0.096191406,0.029586792,0.14575195,0.080200195,0.14099121,0.06793213,0.07385254,0.028015137,0.08660889,0.0758667,0.07342529,0.035491943,0.11047363,0.15979004,0.076538086,0.12084961,0.07171631,0.111816406,0.059753418,0.047088623,0.06463623,0.06085205,0.02571106,0.058441162,0.08868408,0.040924072,0.088012695,0.026412964,0.06222534,0.040008545,0.05340576,0.06085205,0.056243896,0.0,0.0,0.0,0.0,0.0,0.0,0.0,0.0,0.0,0.0,0.0,0.0,0.0,0.0,0.0,0.0,0.0,0.0,0.0,0.0,0.0,0.0,0.0,0.0,0.0,0.0,0.0,0.0
BC2026_Train_0001_S08_20250606_030007_40,0.049957275,0.02229309,0.062561035,0.084472656,0.026550293,0.066345215,0.08929443,0.072387695,0.051940918,0.05319214,0.037322998,0.055419922,0.022506714,0.047943115,0.07489014,0.0362854,0.022109985,0.03527832,0.042877197,0.047332764,0.046295166,0.056030273,0.10070801,0.0340271,0.08343506,0.06488037,0.030792236,0.031143188,0.031204224,0.022415161,0.029708862,0.05996704,0.08331299,0.02267456,0.06573486,0.08227539,0.066223145,0.04046631,0.029312134,0.04559326,0.0259552,0.033081055,0.028167725,0.030273438,0.03289795,0.18908691,0.026306152,0.0491333,0.031021118,0.09741211,0.06500244,0.03515625,0.077819824,0.028762817,0.08477783,0.03994751,0.02810669,0.056030273,0.02758789,0.13220215,0.039855957,0.036010742,0.066833496,0.056243896,0.02267456,0.097717285,0.046203613,0.06347656,0.037750244,0.034820557,0.0524292,0.051086426,0.027374268,0.046295166,0.09552002,0.20837402,0.08569336,0.06549072,0.025177002,0.13122559,0.05770874,0.058776855,0.03378296,0.10229492,0.026855469,0.0680542,0.11218262,0.05593872,0.044769287,0.06323242,0.044281006,0.07977295,0.032470703,0.10949707,0.04714966,0.0637207,0.096191406,0.064208984,0.07171631,0.054901123,0.029083252,0.059539795,0.04360962,0.06463623,0.04638672,0.06524658,0.059753418,0.040008545,0.1015625,0.05429077,0.066223145,0.08618164,0.027801514,0.029586792,0.045532227,0.04360962,0.07147217,0.07330322,0.11126709,0.04336548,0.09893799,0.085876465,0.04525757,0.080078125,0.024520874,0.045013428,0.060638428,0.0491333,0.06323242,0.06695557,0.051757812,0.045959473,0.034088135,0.06732178,0.0259552,0.04724121,0.051849365,0.054504395,0.044921875,0.083618164,0.06994629,0.055725098,0.06951904,0.03010559,0.04849243,0.08270264,0.08508301,0.12805176,0.048309326,0.045196533,0.061187744,0.09875488,0.077819824,0.02355957,0.043762207,0.04083252,0.028656006,0.035003662,0.030334473,0.059326172,0.049591064,0.08880615,0.05645752,0.062927246,0.101745605,0.058135986,0.06793213,0.046020508,0.101745605,0.046905518,0.095703125,0.0680542,0.058135986,0.09686279,0.025177002,0.14208984,0.085998535,0.11199951,0.06439209,0.07598877,0.02848816,0.08312988,0.0713501,0.06854248,0.03567505,0.107055664,0.17199707,0.07043457,0.118774414,0.066589355,0.11755371,0.063964844,0.046020508,0.06008911,0.059661865,0.024429321,0.05633545,0.08282471,0.03970337,0.08758545,0.024795532,0.055114746,0.031799316,0.055603027,0.058013916,0.058135986,0.0,0.0,0.0,0.0,0.0,0.0,0.0,0.0,0.0,0.0,0.0,0.0,0.0,0.0,0.0,0.0,0.0,0.0,0.0,0.0,0.0,0.0,0.0,0.0,0.0,0.0,0.0,0.0
BC2026_Train_0001_S08_20250606_030007_45,0.050048828,0.021820068,0.06451416,0.087402344,0.025619507,0.062561035,0.09350586,0.06756592,0.05041504,0.05706787,0.037902832,0.051086426,0.021987915,0.04559326,0.07366943,0.037902832,0.021621704,0.036010742,0.040374756,0.049957275,0.04638672,0.056121826,0.10668945,0.033081055,0.08123779,0.060302734,0.027740479,0.031433105,0.03161621,0.021942139,0.02848816,0.05380249,0.07751465,0.022155762,0.062438965,0.08081055,0.06323242,0.042236328,0.028060913,0.04724121,0.023071289,0.031982422,0.027328491,0.028656006,0.032226562,0.18225098,0.025268555,0.04534912,0.030731201,0.10430908,0.05996704,0.034942627,0.07434082,0.030563354,0.0803833,0.038238525,0.026504517,0.0546875,0.024749756,0.12597656,0.03881836,0.037261963,0.06793213,0.054107666,0.021484375,0.09588623,0.040527344,0.057922363,0.037902832,0.033721924,0.05441284,0.0552063,0.027267456,0.04663086,0.08679199,0.2130127,0.08508301,0.061187744,0.023605347,0.14807129,0.05718994,0.059539795,0.03253174,0.087890625,0.026916504,0.07519531,0.11755371,0.053894043,0.03845215,0.058013916,0.041778564,0.08331299,0.032470703,0.107421875,0.04849243,0.060638428,0.09320068,0.06768799,0.077819824,0.053009033,0.029037476,0.05050659,0.04232788,0.06829834,0.043121338,0.064086914,0.060424805,0.040618896,0.09234619,0.0546875,0.05911255,0.08868408,0.026412964,0.02722168,0.048034668,0.04458618,0.06719971,0.07330322,0.1161499,0.043945312,0.088012695,0.09844971,0.044525146,0.07354736,0.024230957,0.04458618,0.059753418,0.049957275,0.0619812,0.06573486,0.045532227,0.042175293,0.033966064,0.066589355,0.025222778,0.044921875,0.0552063,0.048950195,0.040374756,0.074645996,0.07989502,0.053894043,0.06488037,0.0259552,0.048583984,0.087402344,0.08880615,0.13195801,0.04876709,0.039489746,0.06573486,0.08691406,0.07720947,0.025512695,0.04232788,0.044525146,0.027954102,0.032226562,0.030212402,0.055603027,0.05529785,0.07891846,0.06304932,0.06463623,0.10089111,0.0546875,0.06842041,0.047424316,0.11199951,0.04647827,0.090270996,0.062316895,0.059661865,0.096191406,0.025039673,0.1315918,0.08227539,0.115356445,0.062683105,0.072509766,0.02859497,0.074523926,0.0692749,0.056030273,0.033477783,0.098083496,0.17004395,0.07043457,0.11199951,0.06439209,0.11376953,0.062927246,0.046020508,0.06585693,0.06427002,0.022628784,0.046539307,0.08178711,0.036224365,0.084472656,0.02571106,0.05581665,0.030960083,0.050231934,0.05645752,0.057800293,0.0,0.0,0.0,0.0,0.0,0.0,0.0,0.0,0.0,0.0,0.0,0.0,0.0,0.0,0.0,0.0,0.0,0.0,0.0,0.0,0.0,0.0,0.0,0.0,0.0,0.0,0.0,0.0
BC2026_Train_0001_S08_20250606_030007_50,0.0491333,0.023284912,0.07055664,0.0703125,0.027954102,0.06744385,0.08868408,0.07305908,0.055114746,0.05441284,0.038604736,0.05581665,0.023468018,0.054595947,0.08618164,0.034942627,0.023071289,0.040771484,0.035614014,0.04699707,0.04611206,0.059661865,0.093322754,0.035217285,0.10266113,0.06347656,0.032287598,0.034606934,0.03125,0.023376465,0.029876709,0.062927246,0.08270264,0.023651123,0.049316406,0.06512451,0.06994629,0.04559326,0.035888672,0.044677734,0.028442383,0.03540039,0.02897644,0.027069092,0.03704834,0.23022461,0.02998352,0.05331421,0.036010742,0.11816406,0.0524292,0.039123535,0.07055664,0.028442383,0.09967041,0.03643799,0.034423828,0.058776855,0.032958984,0.13354492,0.03781128,0.03933716,0.055725098,0.062438965,0.02696228,0.10632324,0.045196533,0.05770874,0.035064697,0.039489746,0.05203247,0.061187744,0.034942627,0.05899048,0.11376953,0.22106934,0.07904053,0.07171631,0.025375366,0.13806152,0.06719971,0.06488037,0.040924072,0.10760498,0.029083252,0.06323242,0.09967041,0.05117798,0.045532227,0.066223145,0.046539307,0.09857178,0.037475586,0.13745117,0.05291748,0.05718994,0.10687256,0.048858643,0.07122803,0.05987549,0.029586792,0.052246094,0.051086426,0.056854248,0.048858643,0.076660156,0.06744385,0.038391113,0.11456299,0.06744385,0.081970215,0.083862305,0.021743774,0.033081055,0.040374756,0.048950195,0.074645996,0.06817627,0.10357666,0.0524292,0.10394287,0.09106445,0.046722412,0.066833496,0.025665283,0.041534424,0.07305908,0.054504395,0.07183838,0.06890869,0.057800293,0.03942871,0.038391113,0.053894043,0.032958984,0.056243896,0.0418396,0.048583984,0.04714966,0.08660889,0.07092285,0.06384277,0.072387695,0.026062012,0.053710938,0.06939697,0.07330322,0.10595703,0.044006348,0.046203613,0.060760498,0.11798096,0.08496094,0.026550293,0.04360962,0.042388916,0.032958984,0.03302002,0.02897644,0.06854248,0.037200928,0.1048584,0.05154419,0.08282471,0.08947754,0.07965088,0.080200195,0.044525146,0.10015869,0.055114746,0.08154297,0.06854248,0.050323486,0.105041504,0.028213501,0.12658691,0.07574463,0.14538574,0.062805176,0.07696533,0.02470398,0.08178711,0.07067871,0.06964111,0.03253174,0.10687256,0.15820312,0.087402344,0.1340332,0.06561279,0.12145996,0.056854248,0.048950195,0.06719971,0.05996704,0.026412964,0.05203247,0.08758545,0.04147339,0.09057617,0.024337769,0.06359863,0.044433594,0.050811768,0.059753418,0.049957275,0.0,0.0,0.0,0.0,0.0,0.0,0.0,0.0,0.0,0.0,0.0,0.0,0.0,0.0,0.0,0.0,0.0,0.0,0.0,0.0,0.0,0.0,0.0,0.0,0.0,0.0,0.0,0.0
BC2026_Train_0001_S08_20250606_030007_55,0.045440674,0.02381897,0.07318115,0.06222534,0.029083252,0.07354736,0.07574463,0.07287598,0.05480957,0.0546875,0.044677734,0.05987549,0.0236969,0.054504395,0.09075928,0.034362793,0.023376465,0.046722412,0.036346436,0.049224854,0.046295166,0.059661865,0.085876465,0.034820557,0.10357666,0.056762695,0.03289795,0.038116455,0.034484863,0.023727417,0.02897644,0.0619812,0.08709717,0.023910522,0.046295166,0.0592041,0.066833496,0.04559326,0.038909912,0.042236328,0.031082153,0.036224365,0.02810669,0.025863647,0.038909912,0.23742676,0.03253174,0.06488037,0.0418396,0.11993408,0.055511475,0.03869629,0.06719971,0.029586792,0.10522461,0.03567505,0.042633057,0.058898926,0.03643799,0.117370605,0.039794922,0.04168701,0.055603027,0.06561279,0.031677246,0.10559082,0.044921875,0.0546875,0.033966064,0.040161133,0.052520752,0.06500244,0.041778564,0.05987549,0.11779785,0.21655273,0.0713501,0.08062744,0.02670288,0.13476562,0.07006836,0.06768799,0.04321289,0.10797119,0.031799316,0.060516357,0.09387207,0.05041504,0.04336548,0.06939697,0.048858643,0.103393555,0.043701172,0.14404297,0.05593872,0.058654785,0.10559082,0.04525757,0.065979004,0.060302734,0.02859497,0.059326172,0.056762695,0.05166626,0.045684814,0.07965088,0.06903076,0.040252686,0.11920166,0.074645996,0.08300781,0.07965088,0.02104187,0.03677368,0.04257202,0.051086426,0.07543945,0.066711426,0.085998535,0.055114746,0.10284424,0.095336914,0.049865723,0.056854248,0.028869629,0.040008545,0.07409668,0.059326172,0.072387695,0.062316895,0.062438965,0.035339355,0.042633057,0.05126953,0.035064697,0.05014038,0.040374756,0.04849243,0.046813965,0.08898926,0.07104492,0.076660156,0.07006836,0.023284912,0.052520752,0.058441162,0.063964844,0.1048584,0.04272461,0.045532227,0.06097412,0.11218262,0.085876465,0.028213501,0.045440674,0.047698975,0.039794922,0.03353882,0.03050232,0.07183838,0.035003662,0.10687256,0.049865723,0.08465576,0.082092285,0.087402344,0.08251953,0.04385376,0.10015869,0.054901123,0.07739258,0.066223145,0.0524292,0.11376953,0.030731201,0.12432861,0.06021118,0.18737793,0.062438965,0.07556152,0.024093628,0.07739258,0.074523926,0.07318115,0.035339355,0.09466553,0.14489746,0.093688965,0.14221191,0.06829834,0.09741211,0.052612305,0.044921875,0.07598877,0.060302734,0.029815674,0.057373047,0.09075928,0.04345703,0.08496094,0.02532959,0.07006836,0.05090332,0.048858643,0.06512451,0.050720215,0.0,0.0,0.0,0.0,0.0,0.0,0.0,0.0,0.0,0.0,0.0,0.0,0.0,0.0,0.0,0.0,0.0,0.0,0.0,0.0,0.0,0.0,0.0,0.0,0.0,0.0,0.0,0.0
BC2026_Train_0001_S08_20250606_030007_60,0.054595947,0.024658203,0.08062744,0.08947754,0.028930664,0.0680542,0.10858154,0.06829834,0.06427002,0.0619812,0.043945312,0.05050659,0.025177002,0.06109619,0.09399414,0.041931152,0.024749756,0.041625977,0.04360962,0.056121826,0.05331421,0.063964844,0.1184082,0.03869629,0.1159668,0.06695557,0.03265381,0.036224365,0.035949707,0.025131226,0.03161621,0.05899048,0.0703125,0.025375366,0.062561035,0.088012695,0.07519531,0.048217773,0.03753662,0.052703857,0.030960083,0.03677368,0.031082153,0.02998352,0.035003662,0.19555664,0.028442383,0.049041748,0.029922485,0.10858154,0.060516357,0.040924072,0.06695557,0.034423828,0.09844971,0.03933716,0.03277588,0.05899048,0.029251099,0.12524414,0.037261963,0.045684814,0.061523438,0.066589355,0.024139404,0.0881958,0.042877197,0.06323242,0.040771484,0.03488159,0.057373047,0.053710938,0.03186035,0.05834961,0.10559082,0.20959473,0.09039307,0.063964844,0.025375366,0.16821289,0.06500244,0.06695557,0.035949707,0.1003418,0.028656006,0.07739258,0.11553955,0.06210327,0.046539307,0.06585693,0.048309326,0.10284424,0.03643799,0.1361084,0.05319214,0.0592041,0.11419678,0.060760498,0.07531738,0.06561279,0.031143188,0.055603027,0.04751587,0.06561279,0.045776367,0.06994629,0.05987549,0.045196533,0.09234619,0.06097412,0.084350586,0.08331299,0.024612427,0.030212402,0.05166626,0.05050659,0.07476807,0.072509766,0.11102295,0.05758667,0.09741211,0.09484863,0.04788208,0.08557129,0.026657104,0.054595947,0.07739258,0.05331421,0.07159424,0.072387695,0.05758667,0.053985596,0.037109375,0.06097412,0.031799316,0.059326172,0.051361084,0.048950195,0.053588867,0.07421875,0.084350586,0.05633545,0.07196045,0.034606934,0.060424805,0.10144043,0.09124756,0.10876465,0.060302734,0.04360962,0.06549072,0.1184082,0.07989502,0.02722168,0.048675537,0.0418396,0.03137207,0.033477783,0.032165527,0.054107666,0.049591064,0.09039307,0.061309814,0.072509766,0.11279297,0.08331299,0.07879639,0.045196533,0.11419678,0.050994873,0.09753418,0.076416016,0.06097412,0.09515381,0.030151367,0.12695312,0.103027344,0.13049316,0.058563232,0.07342529,0.029418945,0.08093262,0.07171631,0.064086914,0.033081055,0.09655762,0.15917969,0.09106445,0.10949707,0.07330322,0.1161499,0.060638428,0.056030273,0.06982422,0.057495117,0.025268555,0.056762695,0.09008789,0.043518066,0.08251953,0.028701782,0.06008911,0.03933716,0.047088623,0.05429077,0.06109619,0.0,0.0,0.0,0.0,0.0,0.0,0.0,0.0,0.0,0.0,0.0,0.0,0.0,0.0,0.0,0.0,0.0,0.0,0.0,0.0,0.0,0.0,0.0,0.0,0.0,0.0,0.0,0.0
